xMonth,Miami,New Orleans,Ramey,Blaine,Buffalo,Detroit,Grand Forks,Havre,Houlton,Spokane,Swanton,Big Bend,Del Rio,El Centro,El Paso,Laredo,Rio Grande Valley,San Diego,Tucson,Yuma,Coastal Border,Northern Border,Southwest Border,Monthly Total,fiscalYear,xMonthN,xDate
October,401,559,221,246,168,213,68,73,51,112,153,891,8161,13761,6386,6962,8416,9046,32384,5403,1897,1084,91410,94391,2000,01,2000-01-01
November,342,626,102,184,106,145,30,82,37,103,111,1111,6812,11035,5203,6058,7371,7620,25767,5219,1593,798,76196,78587,2000,02,2000-02-01
December,493,333,115,177,61,191,20,80,32,65,125,1192,5118,8882,4651,4477,5808,5978,30182,4964,1455,751,71252,73458,2000,03,2000-03-01
January,375,596,142,228,80,190,33,122,25,92,97,1093,20354,21924,14914,13794,15443,15363,70632,12462,1640,867,185979,188486,2000,04,2000-04-01
February,562,684,28,204,65,183,33,78,42,100,87,1675,24706,31072,15049,14745,16814,20204,73506,13557,1799,792,211328,213919,2000,05,2000-05-01
March,614,1000,71,226,117,227,71,100,25,95,108,1597,24416,33301,16018,15549,17995,18279,76245,16663,2273,969,220063,223305,2000,06,2000-06-01
April,461,581,63,200,117,169,44,190,30,80,132,1272,18145,26534,12883,11174,15005,16751,65213,13073,1601,962,180050,182613,2000,07,2000-07-01
May,613,507,202,311,110,146,57,246,30,102,118,1154,13443,27460,10645,9707,12390,16615,62555,12327,1851,1120,166296,169267,2000,08,2000-08-01
June,483,375,124,229,109,138,57,129,25,118,140,885,7820,20071,7637,6436,7764,13186,44341,6953,1431,945,115093,117469,2000,09,2000-09-01
July,639,262,99,196,185,165,36,120,45,156,370,921,9373,15820,7533,6760,9842,10630,46849,6228,1395,1273,113956,116624,2000,10,2000-10-01
August,543,392,284,197,219,130,48,178,105,154,374,998,10132,15018,8106,6971,9073,9356,47905,6753,1736,1405,114312,117453,2000,11,2000-11-01
September,711,563,280,183,233,160,65,170,42,147,142,900,8698,13248,6671,6340,7322,8653,40767,5145,1980,1142,97744,100866,2000,12,2000-12-01
October,338,315,399,179,203,132,48,108,40,158,126,844,7648,13712,6095,5154,6634,8002,30009,4534,1584,994,82632,85210,2001,01,2001-01-01
November,590,306,285,168,85,139,23,67,37,114,120,874,5344,9979,5401,3652,5975,5556,25889,5039,1630,753,67709,70092,2001,02,2001-02-01
December,481,396,187,151,74,107,45,58,30,126,75,776,3756,8299,4683,2762,4280,5270,20907,4348,1424,666,55081,57171,2001,03,2001-03-01
January,483,358,418,141,87,195,44,77,54,99,101,846,11218,18672,10862,8228,10102,11558,43972,9632,1662,798,125090,127550,2001,04,2001-04-01
February,452,634,79,159,81,182,66,136,27,100,73,1046,16447,21412,12369,10656,12298,12085,54913,11003,1572,824,152229,154625,2001,05,2001-05-01
March,392,446,73,175,116,167,73,108,30,131,95,1427,16833,21815,15311,12604,12890,13510,64779,11411,1374,895,170580,172849,2001,06,2001-06-01
April,399,740,19,145,89,157,96,104,24,87,109,1249,11444,20699,12738,9928,11366,12597,52949,9843,1601,811,142813,145225,2001,07,2001-07-01
May,503,377,117,194,137,156,85,97,31,95,139,1123,9005,17203,11343,9216,11204,11270,44573,7990,1479,934,122927,125340,2001,08,2001-08-01
June,607,346,94,231,134,177,112,93,33,117,168,1058,7048,11385,8035,6586,8152,8467,33602,4798,1510,1065,89131,91706,2001,09,2001-09-01
July,735,402,107,192,165,195,100,169,153,132,543,1107,6069,11175,8607,6475,9191,7580,29550,3848,1680,1649,83602,86931,2001,10,2001-10-01
August,532,354,101,186,156,349,144,175,182,109,715,906,6038,10965,9945,7338,9426,8297,28028,3705,1393,2016,84648,88057,2001,11,2001-11-01
September,450,359,73,168,107,150,85,113,44,67,199,831,4025,7536,7468,4469,6326,5883,20504,2234,1249,933,59276,61458,2001,12,2001-12-01
October,391,352,3,127,50,135,85,114,27,62,82,913,2938,4069,4441,3431,4784,4530,11124,1582,1183,682,37812,39677,2002,01,2002-01-01
November,352,220,47,152,73,106,80,119,31,53,73,810,2367,3318,3483,2949,3744,3178,10523,2134,1058,687,32506,34251,2002,02,2002-02-01
December,251,299,11,172,36,98,87,92,24,60,76,876,2104,3720,3784,2608,3843,3183,9208,2175,934,645,31501,33080,2002,03,2002-03-01
January,445,357,37,106,74,99,93,89,43,98,71,826,8384,9670,8185,7711,8035,7716,25182,4084,1201,673,79793,81667,2002,04,2002-04-01
February,415,373,36,147,101,135,87,107,40,91,58,1040,10087,11118,9393,10628,8438,9172,32264,3584,1071,766,95724,97561,2002,05,2002-05-01
March,494,459,98,132,112,107,113,144,35,100,104,1184,12068,15673,11309,12270,10153,12832,46094,5409,1365,847,126992,129204,2002,06,2002-06-01
April,422,492,32,156,155,137,131,123,31,90,100,1312,8540,14274,11783,10709,10310,11712,47712,5569,1305,923,121921,124149,2002,07,2002-07-01
May,475,307,94,175,121,132,159,138,36,104,125,1163,5404,11415,9972,7861,9473,11222,36333,4581,1216,990,97424,99630,2002,08,2002-08-01
June,440,460,29,124,85,106,153,113,28,99,210,702,3787,8870,6931,6545,8109,9251,30898,3562,1289,918,78655,80862,2002,09,2002-09-01
July,532,427,90,148,64,173,138,139,42,135,293,748,3301,7897,8044,5830,7523,9340,30212,3766,1407,1132,76661,79200,2002,10,2002-10-01
August,564,424,222,157,142,133,108,163,59,121,387,940,4297,9557,9018,6376,8762,10115,30078,3414,1667,1270,82557,85494,2002,11,2002-11-01
September,362,495,136,136,89,150,135,122,36,129,157,878,3708,8692,7811,5177,6753,8430,24020,2794,1318,954,68263,70535,2002,12,2002-12-01
October,686,462,198,107,112,151,102,151,53,126,107,754,3037,8399,6545,4644,6024,7339,21352,3698,1717,909,61792,64418,2003,01,2003-01-01
November,398,430,316,107,79,195,81,105,22,88,80,722,1942,6107,5303,4157,4218,5379,17206,2697,1436,757,47731,49924,2003,02,2003-02-01
December,287,349,121,89,55,153,88,86,12,72,80,872,2083,4572,4008,3991,3814,4280,11481,2723,1045,635,37824,39504,2003,03,2003-03-01
January,493,535,201,92,35,178,78,92,19,79,101,862,6546,12369,9255,7444,7630,10177,26826,5816,1538,674,86925,89137,2003,04,2003-04-01
February,542,506,32,116,30,188,110,98,17,69,113,974,7127,13293,10000,7603,7905,10958,33854,5155,1333,741,96869,98943,2003,05,2003-05-01
March,461,504,36,125,34,170,119,97,16,54,121,1097,6579,11632,8883,7803,7498,11158,37055,6694,1316,736,98399,100451,2003,06,2003-06-01
April,623,576,46,93,26,220,113,156,19,42,101,860,5020,6116,7359,5990,6560,9082,29099,5273,1581,770,75359,77710,2003,07,2003-07-01
May,434,516,231,121,22,195,90,135,30,60,156,1099,4973,6528,8120,6683,7095,10680,37847,5665,1511,809,88690,91010,2003,08,2003-08-01
June,408,399,81,69,33,196,99,132,21,68,337,678,2857,5791,6998,5165,6153,9271,32532,6085,1155,955,75530,77640,2003,09,2003-09-01
July,491,378,21,152,28,235,123,128,38,137,352,773,2993,6128,7618,5570,7042,10207,34201,4752,1137,1193,79284,81614,2003,10,2003-10-01
August,481,252,172,140,30,232,131,110,29,87,235,867,3700,6076,7538,6371,7737,11217,36639,4341,1116,994,84486,86596,2003,11,2003-11-01
September,627,244,233,169,80,232,89,116,16,110,172,761,3288,5088,7189,5100,6073,11767,29171,3739,1450,984,72176,74610,2003,12,2003-12-01
October,437,284,213,135,25,154,92,81,27,83,177,707,2913,5438,6451,4479,5414,10426,26530,3033,1230,774,65391,67395,2004,01,2004-01-01
November,321,244,247,100,17,157,89,48,19,79,82,710,2372,3799,5244,4670,5053,7996,24890,3160,1037,591,57894,59522,2004,02,2004-02-01
December,367,184,332,101,30,111,85,90,17,51,107,824,2307,2802,4030,3571,4636,5849,17349,2246,1103,592,43614,45309,2004,03,2004-03-01
January,522,293,166,76,28,114,105,84,38,69,224,696,5044,7826,8768,6540,8102,13405,34913,7227,1153,738,92521,94412,2004,04,2004-04-01
February,418,226,188,118,28,108,70,62,17,103,182,907,6561,8417,10584,8057,8732,13252,45312,8847,1016,688,110669,112373,2004,05,2004-05-01
March,346,376,31,145,84,202,106,84,15,101,195,1104,7983,10761,13483,9686,10149,17532,72095,12188,936,932,154981,156849,2004,06,2004-06-01
April,371,282,178,132,60,149,84,69,17,52,141,993,4960,8327,12632,7069,9618,15962,64563,11344,1016,704,135468,137188,2004,07,2004-07-01
May,252,286,87,136,84,173,134,92,22,58,179,923,5177,7616,10343,7421,8916,14976,53132,10222,839,878,118726,120443,2004,08,2004-08-01
June,415,296,99,106,85,148,136,83,17,84,270,885,3709,5611,8432,6149,7423,11548,42013,8820,981,929,94590,96500,2004,09,2004-09-01
July,344,98,74,85,86,184,122,108,32,54,526,1068,4242,4581,8654,5376,8826,9530,39114,10774,516,1197,92165,93878,2004,10,2004-10-01
August,494,158,165,117,95,212,105,106,24,49,374,930,4573,5086,8321,6570,8542,9716,38740,10768,817,1082,93246,95145,2004,11,2004-11-01
September,315,162,33,103,49,200,97,79,18,64,244,783,3953,4203,7457,5118,7536,8416,33120,9431,510,854,80017,81381,2004,12,2004-12-01
October,541,140,188,89,26,200,109,83,17,26,193,844,3856,3723,7472,4691,7813,6702,31940,8872,920,743,75913,77576,2005,01,2005-01-01
November,460,129,112,92,27,176,72,106,47,26,186,713,2795,2798,5801,3997,7512,5428,27673,8418,727,732,65135,66594,2005,02,2005-02-01
December,489,135,205,75,21,133,73,57,31,30,141,722,2768,1772,4464,3367,7214,4632,17631,5836,835,561,48406,49802,2005,03,2005-03-01
January,641,155,33,69,28,164,98,73,27,26,95,802,6120,4963,9898,6331,9136,9390,35873,10507,832,580,93020,94432,2005,04,2005-04-01
February,487,73,106,93,29,205,90,70,26,7,105,1113,7248,5926,13033,7530,10147,10864,45875,12039,666,625,113775,115066,2005,05,2005-05-01
March,574,100,63,96,37,193,61,85,6,22,152,1364,7935,6632,13249,8112,13176,12750,64096,15734,744,652,143048,144444,2005,06,2005-06-01
April,536,96,163,68,40,132,35,105,19,33,105,1276,7584,6010,15274,9043,14635,16534,52644,17062,800,537,140062,141399,2005,07,2005-07-01
May,717,170,67,88,53,113,24,89,10,30,123,866,6270,5352,11041,7569,14796,15114,40764,14051,957,530,115823,117310,2005,08,2005-08-01
June,676,69,103,93,19,122,41,88,11,41,241,620,4947,3829,8445,5699,13109,10921,31694,11522,855,656,90786,92297,2005,09,2005-09-01
July,648,83,101,85,34,107,28,70,18,18,274,761,5873,3712,11568,6623,12208,10010,32390,11809,833,634,94954,96421,2005,10,2005-10-01
August,586,186,156,72,45,132,56,74,8,14,214,777,6498,5047,12099,6635,12713,11798,29178,11988,928,615,96733,98276,2005,11,2005-11-01
September,890,22,322,81,41,116,67,48,13,6,106,678,6612,5958,10335,5749,11727,12761,29321,10600,1239,478,93741,95458,2005,12,2005-12-01
October,438,48,184,71,120,120,59,26,17,8,107,655,4840,5072,11027,5014,10060,10145,27316,9428,670,528,83557,84755,2006,01,2006-01-01
November,543,176,119,103,107,134,48,58,21,23,98,590,4016,3831,8191,4323,9111,7730,24270,8913,838,592,70975,72405,2006,02,2006-02-01
December,693,214,174,49,71,130,41,28,15,8,89,563,2910,2998,5668,3544,7128,6531,16447,6884,1081,431,52673,54185,2006,03,2006-03-01
January,506,372,60,54,85,138,56,40,28,10,96,739,4839,5797,11941,7415,9533,13959,33229,13743,938,507,101195,102640,2006,04,2006-04-01
February,452,300,208,54,96,92,36,62,10,3,75,908,5854,6399,14457,9554,10444,17160,43153,17117,960,428,125046,126434,2006,05,2006-05-01
March,450,230,136,50,101,149,18,32,12,12,87,910,5636,9048,18668,10179,13080,18361,63583,21231,816,461,160696,161973,2006,06,2006-06-01
April,592,136,127,83,111,83,66,43,11,26,83,746,4555,6847,15238,8530,11264,14736,51588,13034,855,506,126538,127899,2006,07,2006-07-01
May,725,402,149,85,178,108,49,63,5,6,121,711,2633,6187,12239,6866,11649,13888,40190,11087,1276,615,105450,107341,2006,08,2006-08-01
June,523,238,112,64,154,78,26,56,22,19,155,478,2106,4112,7664,4815,7516,10597,25049,6029,873,574,68366,69813,2006,09,2006-09-01
July,358,289,46,66,174,76,31,47,12,6,352,392,1947,3240,6970,4667,7109,8683,21187,5446,693,764,59641,61098,2006,10,2006-10-01
August,295,325,85,64,148,97,48,52,16,19,201,403,1683,3705,5027,5525,7020,10009,23256,3123,705,645,59751,61101,2006,11,2006-11-01
September,457,323,36,68,172,76,40,61,6,45,80,425,1617,4229,5166,4408,6614,10305,22806,2514,816,548,58084,59448,2006,12,2006-12-01
October,669,379,41,61,141,106,56,68,7,30,73,368,1618,4379,6183,4286,5772,9494,25135,3478,1089,542,60713,62344,2007,01,2007-01-01
November,429,379,61,36,155,99,32,56,7,18,78,442,1701,3667,5098,3810,4549,7764,21323,3240,869,481,51594,52944,2007,02,2007-02-01
December,405,222,117,62,104,83,45,53,4,23,80,383,1051,3037,4189,2890,3649,6591,16136,2601,744,454,40527,41725,2007,03,2007-03-01
January,751,327,39,61,123,77,25,41,6,30,75,556,2044,4983,6570,4678,5798,12489,29459,5357,1117,438,71934,73489,2007,04,2007-04-01
February,531,398,71,59,125,56,40,60,12,22,68,532,2421,5187,7482,5855,6172,12997,34148,4474,1000,442,79268,80710,2007,05,2007-05-01
March,475,492,37,87,170,83,48,40,2,37,75,677,3314,7198,10537,7673,8431,18044,52692,5571,1004,542,114137,115683,2007,06,2007-06-01
April,477,336,51,50,167,85,49,27,3,24,91,602,2699,6983,8957,6428,7645,17999,49044,4108,864,496,104465,105825,2007,07,2007-07-01
May,573,336,48,67,178,76,33,27,6,29,105,407,1858,5747,6741,4928,7736,16136,41789,3162,957,521,88504,89982,2007,08,2007-08-01
June,905,340,32,82,219,51,35,31,5,42,74,362,1579,3842,5632,4595,5791,13283,34103,2151,1277,539,71338,73154,2007,09,2007-09-01
July,648,354,13,67,223,52,40,17,22,47,101,439,1862,3835,5109,4338,6225,12941,30373,1660,1015,569,66782,68366,2007,10,2007-10-01
August,651,155,28,60,233,66,54,31,6,27,183,403,1440,3789,4969,3858,6331,13312,24388,1305,834,660,59795,61289,2007,11,2007-11-01
September,606,300,10,57,353,68,40,35,15,12,116,365,1333,3236,3997,3375,5331,11410,19649,885,916,696,49581,51193,2007,12,2007-12-01
October,553,382,90,52,382,100,67,63,15,30,106,386,1679,3230,3605,3825,5989,9801,21730,1094,1025,815,51339,53179,2008,01,2008-01-01
November,496,429,40,75,290,63,91,121,5,40,126,388,1059,2412,2648,2658,4695,9163,18231,955,965,811,42209,43985,2008,02,2008-02-01
December,685,329,20,40,295,68,41,13,2,17,64,451,945,2000,2015,1969,3974,7773,11721,954,1034,540,31802,33376,2008,03,2008-03-01
January,456,650,52,91,228,79,24,33,17,18,74,350,1961,3839,3470,3907,5216,12877,26347,1061,1158,564,59028,60750,2008,04,2008-04-01
February,539,305,12,69,260,71,38,19,2,27,85,612,2462,4095,3944,5001,6880,15091,34309,1089,856,571,73483,74910,2008,05,2008-05-01
March,699,365,55,108,304,95,22,3,0,15,87,613,2667,4604,3129,5355,8543,18869,45239,751,1119,634,89770,91523,2008,06,2008-06-01
April,634,462,48,101,233,64,41,23,5,20,72,527,2286,5090,2808,4904,9417,20569,45442,523,1144,559,91566,93269,2008,07,2008-07-01
May,433,318,33,67,222,113,30,28,3,10,92,586,1745,3860,2035,3733,7967,16015,32845,447,784,565,69233,70582,2008,08,2008-08-01
June,519,439,53,75,260,83,52,33,1,34,148,369,1708,3161,1811,3432,6308,12395,24289,381,1011,686,53854,55551,2008,09,2008-09-01
July,277,296,28,88,259,73,41,21,7,38,195,416,1482,2726,1634,3066,5562,13127,21093,366,601,722,49472,50795,2008,10,2008-10-01
August,335,251,50,82,291,84,38,38,14,34,159,415,1618,2995,1615,3310,6103,13734,18406,345,636,740,48541,49917,2008,11,2008-11-01
September,394,77,91,106,315,68,56,32,10,57,74,278,1149,2949,1598,2498,4819,12976,18044,397,562,718,44708,45988,2008,12,2008-12-01
October,342,386,114,103,254,120,52,31,1,32,65,539,1321,2619,1469,2709,5092,10036,18814,339,842,658,42938,44438,2009,01,2009-01-01
November,302,267,34,93,210,62,53,21,8,44,80,459,1064,2176,1153,2465,4259,7954,12844,406,603,571,32780,33954,2009,02,2009-02-01
December,317,309,27,68,201,63,37,11,13,22,106,472,872,1691,866,1932,3341,6552,9862,359,653,521,25947,27121,2009,03,2009-03-01
January,401,259,27,96,176,78,29,29,3,20,36,533,1604,2969,1344,3970,4575,10246,18649,612,687,467,44502,45656,2009,04,2009-04-01
February,383,282,21,68,194,118,26,30,0,18,77,689,1908,2904,1435,3718,5207,11678,20941,731,686,531,49211,50428,2009,05,2009-05-01
March,382,429,42,85,220,99,29,23,4,14,71,590,2231,4141,1508,4538,5479,16472,31432,951,853,545,67342,68740,2009,06,2009-06-01
April,407,317,26,61,225,97,22,30,4,15,74,458,1619,3314,1344,4168,6107,12618,28072,793,750,528,58493,59771,2009,07,2009-07-01
May,314,257,11,65,263,91,41,21,4,16,111,511,1426,2955,1238,3722,5293,11000,24083,656,582,612,50884,52078,2009,08,2009-08-01
June,343,264,50,39,250,80,35,31,2,17,99,569,1304,2811,1208,3283,5094,10278,20842,655,657,553,46044,47254,2009,09,2009-09-01
July,413,253,5,49,198,117,50,22,8,19,125,484,1383,2449,1160,3512,5509,8655,20146,545,671,588,43843,45102,2009,10,2009-10-01
August,358,271,58,67,240,122,49,18,4,38,104,575,1321,2767,1181,3671,6025,6743,20810,429,687,642,43522,44851,2009,11,2009-11-01
September,463,233,3,49,241,110,49,16,8,22,95,481,1029,2725,1093,2881,5008,6489,15178,475,699,590,35359,36648,2009,12,2009-12-01
October,463,247,41,50,241,168,55,31,3,35,71,530,1119,2589,1007,2613,4236,5017,23197,582,751,654,40890,42295,2010,01,2010-01-01
November,478,179,20,69,214,154,47,23,2,21,101,421,897,2412,894,2130,3688,4738,16986,649,677,631,32815,34123,2010,02,2010-02-01
December,416,173,10,52,207,157,36,17,0,14,68,373,697,2196,725,1802,2987,4636,10907,711,599,551,25034,26184,2010,03,2010-03-01
January,265,303,8,59,168,129,26,11,0,19,58,433,1234,2688,1124,2526,3658,6413,16122,586,576,470,34784,35830,2010,04,2010-04-01
February,335,303,23,57,216,126,37,18,0,15,128,484,1245,2836,1140,3173,4845,6982,21266,819,661,597,42790,44048,2010,05,2010-05-01
March,326,394,32,58,252,122,45,54,12,27,132,660,1874,4408,1528,4433,7141,9061,31197,1059,752,702,61361,62815,2010,06,2010-06-01
April,370,404,40,54,207,110,39,30,5,25,97,575,1791,3419,1359,4528,7139,7115,28579,732,814,567,55237,56618,2010,07,2010-07-01
May,427,218,44,44,231,98,80,32,10,34,136,493,1718,3126,1380,3813,7477,5858,22572,608,689,665,47045,48399,2010,08,2010-08-01
June,442,223,25,53,189,128,23,20,6,33,124,415,1326,2440,1005,3475,5595,5092,13160,447,690,576,32955,34221,2010,09,2010-09-01
July,367,204,4,65,135,113,34,12,12,42,233,280,767,2331,725,1857,3832,5113,10303,401,575,646,25609,26830,2010,10,2010-10-01
August,427,244,94,70,180,165,74,20,6,51,197,295,1095,2075,732,2819,5329,4528,9280,262,765,763,26415,27943,2010,11,2010-11-01
September,335,279,57,42,182,199,47,22,0,40,77,329,931,2042,632,2118,3839,4012,8633,260,671,609,22796,24076,2010,12,2010-12-01
October,401,231,55,68,231,177,47,46,4,32,78,375,1043,2201,732,2286,3628,4344,11165,391,687,683,26165,27535,2011,01,2011-01-01
November,441,144,25,42,190,143,34,23,4,28,74,290,837,1851,660,2174,3625,3480,9097,391,610,538,22405,23553,2011,02,2011-02-01
December,349,121,59,37,139,110,32,16,0,20,37,282,704,1734,622,1797,3349,3233,7354,354,529,391,19429,20349,2011,03,2011-03-01
January,447,156,47,54,161,133,24,24,1,5,67,332,899,2135,779,2285,3485,3379,10131,501,650,469,23926,25045,2011,04,2011-04-01
February,364,132,44,31,148,121,37,21,1,26,67,300,1399,2569,911,2943,4233,3977,11790,664,540,452,28786,29778,2011,05,2011-05-01
March,466,105,54,69,203,175,56,17,9,28,50,457,2132,3772,1354,4686,6806,4811,17056,940,625,607,42014,43246,2011,06,2011-06-01
April,324,109,46,35,174,118,20,32,1,20,53,512,1977,3563,1380,3891,6502,4031,13816,579,479,453,36251,37183,2011,07,2011-07-01
May,325,124,82,53,158,103,24,25,1,23,53,350,1499,3278,904,3168,5953,3474,12088,522,531,440,31236,32207,2011,08,2011-08-01
June,309,111,42,46,176,110,49,4,10,24,50,296,1525,2904,816,3205,5409,3109,9585,317,462,469,27166,28097,2011,09,2011-09-01
July,330,63,90,48,157,96,52,9,5,21,121,235,1386,2225,794,2913,5276,3016,6923,402,483,509,23170,24162,2011,10,2011-10-01
August,340,114,38,64,188,126,44,31,2,41,110,311,1356,2074,711,3262,5973,2863,7270,346,492,606,24166,25264,2011,11,2011-11-01
September,305,99,60,44,189,119,49,22,3,25,55,296,1387,1885,682,3443,5004,2730,7010,426,464,506,22863,23833,2011,12,2011-12-01
October,216,49,72,50,118,127,58,21,0,34,40,284,1364,1946,647,2835,6201,2439,9306,590,337,448,25612,26397,2012,01,2012-01-01
November,293,48,100,58,87,109,46,9,3,18,43,317,1289,1698,662,2846,5513,2185,8361,497,441,373,23368,24182,2012,02,2012-02-01
December,195,39,41,47,56,57,16,18,2,23,43,288,871,1401,534,1853,4285,2136,7100,515,275,262,18983,19520,2012,03,2012-03-01
January,249,40,51,41,78,62,29,4,1,24,26,323,1204,1655,625,3180,5514,2185,10209,819,340,265,25714,26319,2012,04,2012-04-01
February,180,42,50,53,90,67,13,9,0,18,51,423,1788,2041,812,3855,6709,2439,12836,676,272,301,31579,32152,2012,05,2012-05-01
March,156,24,68,51,100,95,30,11,1,21,48,450,2375,2857,1151,5154,9622,3064,16559,986,248,357,42218,42823,2012,06,2012-06-01
April,159,22,41,42,89,111,33,9,2,35,47,393,2791,2805,888,5100,11160,2879,14095,517,222,368,40628,41218,2012,07,2012-07-01
May,226,58,39,28,106,67,26,5,1,22,52,304,2480,2622,823,4478,11583,2787,11343,546,323,307,36966,37596,2012,08,2012-08-01
June,137,22,123,40,61,82,36,5,7,25,103,300,2123,2107,840,4019,10112,2170,8636,362,282,359,30669,31310,2012,09,2012-09-01
July,249,12,41,41,126,67,43,3,4,40,120,303,1942,1896,793,3670,9023,2165,6856,330,302,444,26978,27724,2012,10,2012-10-01
August,207,21,33,41,104,55,32,4,9,34,69,333,1770,1411,984,4306,9295,2020,7116,332,261,348,27567,28176,2012,11,2012-11-01
September,242,97,43,45,128,51,56,4,11,23,60,246,1723,1477,919,3576,8745,1992,7583,330,382,378,26591,27351,2012,12,2012-12-01
October,248,49,24,37,106,65,32,4,15,33,35,356,1792,1527,977,3829,8869,1922,9224,433,321,327,28929,29577,2013,01,2013-01-01
November,134,74,56,34,54,58,27,2,1,36,21,238,1715,1408,860,3537,8352,1924,9185,417,264,233,27636,28133,2013,02,2013-02-01
December,130,47,45,33,60,64,12,0,0,17,29,213,1135,1101,629,2835,6587,1795,8481,467,222,215,23243,23680,2013,03,2013-03-01
January,135,32,39,21,53,58,19,3,0,19,17,340,1617,1103,776,3280,7190,2150,9871,594,206,190,26921,27317,2013,04,2013-04-01
February,89,49,107,32,47,44,36,3,1,13,41,400,2223,1340,1030,4628,10828,2227,11831,535,245,217,35042,35504,2013,05,2013-05-01
March,92,27,194,31,47,50,31,2,2,19,50,416,2771,2098,1176,5903,16115,3062,14990,762,313,232,47293,47838,2013,06,2013-06-01
April,157,46,11,24,73,49,39,3,2,28,53,473,2778,1972,1217,5621,18455,2833,14051,812,214,271,48212,48697,2013,07,2013-07-01
May,92,28,27,26,54,43,36,9,0,20,57,341,2332,1513,1163,5338,17522,2854,12119,674,147,245,43856,44248,2013,08,2013-08-01
June,113,15,99,34,78,42,52,9,7,26,42,232,1695,1222,857,4029,14275,2324,9357,445,227,290,34436,34953,2013,09,2013-09-01
July,212,30,43,32,83,67,73,8,1,33,72,219,2039,1035,852,4212,15217,2313,7014,329,285,369,33230,33884,2013,10,2013-10-01
August,171,47,164,25,58,59,55,21,3,34,48,218,1817,1056,852,3944,16253,2069,7278,310,382,303,33797,34482,2013,11,2013-11-01
September,165,56,115,31,83,51,57,24,5,21,66,238,1596,931,765,3593,14790,2023,7538,328,336,338,31802,32476,2013,12,2013-12-01
October,131,58,133,16,58,48,59,18,3,35,44,316,1587,1193,885,3638,15192,2218,9785,498,322,281,35312,35915,2014,01,2014-01-01
November,146,48,120,22,39,53,45,10,4,24,25,260,1586,1077,845,3026,14170,2153,8334,445,314,222,31896,32432,2014,02,2014-02-01
December,125,57,48,18,52,51,36,2,2,15,45,241,1360,987,738,2567,13540,2091,7629,375,230,221,29528,29979,2014,03,2014-03-01
January,228,55,79,29,36,34,42,5,3,24,30,278,1514,1126,813,2756,12255,2548,6825,553,362,203,28668,29233,2014,04,2014-04-01
February,178,90,39,26,47,55,49,6,3,16,21,522,2133,1365,1060,3838,16808,2469,7566,642,307,223,36403,36933,2014,05,2014-05-01
March,113,103,79,19,87,35,85,2,1,31,17,445,2823,1502,1278,5087,25398,3378,8925,760,295,277,49596,50168,2014,06,2014-06-01
April,151,114,38,36,64,40,65,1,2,17,31,403,2616,1441,1244,5117,28624,3035,8473,549,303,256,51502,52061,2014,07,2014-07-01
May,199,88,86,27,81,49,63,13,13,22,33,374,3432,1353,1371,4737,37510,2863,8407,636,373,301,60683,61357,2014,08,2014-08-01
June,213,86,133,19,54,86,71,12,1,19,57,414,2857,1203,1221,3946,38446,2438,6867,470,432,319,57862,58613,2014,09,2014-09-01
July,134,82,77,28,79,66,81,3,4,19,69,341,1830,1250,939,3546,24938,2497,5019,348,293,349,40708,41350,2014,10,2014-10-01
August,217,72,73,14,97,70,73,7,8,16,64,302,1279,1095,948,2960,17273,2132,5105,294,362,349,31388,32099,2014,11,2014-11-01
September,199,97,53,18,47,60,98,12,1,31,70,200,1238,919,997,2831,12239,2089,4980,332,349,337,25825,26511,2014,12,2014-12-01
October,90,115,55,37,28,75,87,5,1,24,26,302,1246,894,904,3276,12031,2133,5261,403,260,283,26450,26993,2015,01,2015-01-01
November,50,98,76,47,34,68,78,3,2,15,23,232,985,842,924,2540,11466,1924,5303,425,224,270,24641,25135,2015,02,2015-02-01
December,143,100,32,29,35,109,72,3,8,10,25,336,1051,980,921,2367,11035,2280,5610,439,275,291,25019,25585,2015,03,2015-03-01
January,121,79,71,25,21,42,53,3,4,15,6,233,985,902,874,2776,8425,2111,4869,339,271,169,21514,21954,2015,04,2015-04-01
February,79,78,12,20,19,35,74,10,6,23,19,330,1291,991,859,2864,9557,2466,5553,465,169,206,24376,24751,2015,05,2015-05-01
March,116,35,60,16,20,30,65,6,0,12,27,453,1718,1355,1455,3093,11817,2876,6256,768,211,176,29791,30178,2015,06,2015-06-01
April,101,39,44,14,15,44,73,5,3,15,14,438,2100,1244,1516,3497,12602,2284,5543,526,184,183,29750,30117,2015,07,2015-07-01
May,110,75,25,19,16,36,40,3,0,14,16,567,2083,1295,1335,3127,14103,2308,6105,653,210,144,31576,31930,2015,08,2015-08-01
June,203,71,39,17,18,72,40,2,0,7,35,373,1928,1063,1410,2958,13750,2081,5081,659,313,191,29303,29807,2015,09,2015-09-01
July,168,72,74,23,40,32,76,2,4,18,39,428,1752,1072,1417,3110,13719,1985,4071,834,314,234,28388,28936,2015,10,2015-10-01
August,346,32,9,23,27,54,69,18,2,13,68,600,1918,1058,1436,3072,14750,1883,4733,789,387,274,30239,30900,2015,11,2015-11-01
September,225,55,60,12,18,40,62,4,2,24,43,739,1956,1124,1444,3208,14002,1959,5012,842,340,205,30286,30831,2015,12,2015-12-01
October,271,74,21,27,15,55,40,4,6,4,25,735,1873,1214,1639,3146,15036,2081,5899,1101,366,176,32724,33266,2016,01,2016-01-01
November,206,59,57,28,4,38,40,5,0,16,13,637,1798,1239,1679,3249,15297,2022,5791,1126,322,144,32838,33304,2016,02,2016-02-01
December,337,48,64,13,7,58,25,1,1,9,25,690,2185,1253,2187,2995,17736,2196,6263,1509,449,139,37014,37602,2016,03,2016-03-01
January,207,40,28,13,22,35,48,4,1,4,10,388,1531,1061,1148,2454,9398,2525,4572,681,275,137,23758,24170,2016,04,2016-04-01
February,181,53,68,21,14,54,26,1,2,6,14,458,1780,1342,1399,2895,9660,2504,5245,789,302,138,26072,26512,2016,05,2016-05-01
March,310,50,63,33,17,61,49,2,2,11,26,616,2022,1775,2158,3196,13325,3108,6142,974,423,201,33316,33940,2016,06,2016-06-01
April,331,76,61,19,29,51,35,9,2,18,18,739,2224,2097,2408,3654,16688,3329,5784,1166,468,181,38089,38738,2016,07,2016-07-01
May,266,57,78,20,21,78,34,4,7,56,14,491,2588,2000,2481,3403,18291,3118,6574,1391,401,234,40337,40972,2016,08,2016-08-01
June,232,56,72,17,15,67,34,2,1,20,34,292,1918,1719,2369,2906,15972,2522,5427,1325,360,190,34450,35000,2016,09,2016-09-01
July,286,96,66,28,37,64,66,2,2,19,35,344,1833,1669,2503,2647,16519,2555,4364,1289,448,253,33723,34424,2016,10,2016-10-01
August,274,72,43,30,27,89,62,7,1,20,30,326,1445,2047,2708,2888,19155,2748,4303,1428,389,266,37048,37703,2016,11,2016-11-01
September,304,83,73,22,18,66,46,2,0,23,47,650,1881,2032,2955,3129,19753,3183,4527,1391,460,224,39501,40185,2016,12,2016-12-01
October,178,76,77,45,9,64,19,1,5,16,10,697,2106,2441,3973,3350,22642,2934,5924,2117,331,169,46184,46684,2017,01,2017-01-01
November,186,98,41,36,19,30,25,3,0,10,22,603,1880,1850,4105,3194,24686,2947,5912,2034,325,145,47211,47681,2017,02,2017-02-01
December,329,81,62,28,12,34,23,2,0,7,25,477,1817,1870,3948,2460,23418,3099,4303,1859,472,131,43251,43854,2017,03,2017-03-01
January,161,121,99,20,24,43,40,0,1,5,19,473,1243,1796,2779,2265,15580,2927,3357,1156,381,152,31576,32109,2017,04,2017-04-01
February,194,94,15,23,66,71,48,4,0,18,43,383,1104,1196,1575,1710,7855,1808,2589,534,303,273,18754,19330,2017,05,2017-05-01
March,150,88,15,21,16,143,56,0,1,22,43,357,746,871,978,1256,4147,1356,2148,336,253,302,12195,12750,2017,06,2017-06-01
April,193,50,39,16,33,119,57,4,0,14,25,413,589,849,906,1304,3942,1392,1487,245,282,268,11127,11677,2017,07,2017-07-01
May,221,105,17,12,76,112,44,6,5,14,41,552,740,1134,1032,1722,4882,1724,2199,534,343,310,14519,15172,2017,08,2017-08-01
June,173,57,0,23,48,118,42,4,1,50,51,378,761,1280,1180,1839,5817,1652,2632,548,230,337,16087,16654,2017,09,2017-09-01
July,195,52,8,27,55,113,51,7,5,19,63,492,760,1478,1395,2120,7107,1764,2177,894,255,340,18187,18782,2017,10,2017-10-01
August,196,74,15,27,37,132,58,7,8,17,73,563,798,1880,1782,2143,8650,2241,2913,1318,285,359,22288,22932,2017,11,2017-11-01
September,104,24,0,10,52,91,33,1,4,16,34,614,932,1988,1540,2097,8836,2242,3016,1272,128,241,22537,22906,2017,12,2017-12-01
October,196,46,7,19,48,119,48,10,0,30,28,819,1046,2194,1489,2451,9722,2377,3854,1536,249,302,25488,26039,2018,01,2018-01-01
November,168,62,17,22,23,150,40,13,2,16,29,828,1186,2123,1647,2283,11726,2760,4562,1970,247,295,29085,29627,2018,02,2018-02-01
December,164,27,14,22,17,86,38,2,5,17,32,802,1113,2110,1713,1982,11668,2764,4400,2443,205,219,28995,29419,2018,03,2018-03-01
January,189,86,77,15,25,193,21,0,3,22,30,543,1083,2052,1607,2296,9484,3171,3925,1814,352,309,25975,26636,2018,04,2018-04-01
February,189,63,18,10,16,159,30,2,3,19,47,838,1306,1954,1737,2671,9611,3107,3824,1618,270,286,26666,27222,2018,05,2018-05-01
March,202,54,21,54,29,175,41,1,6,36,66,703,1466,2697,2782,3652,14140,4101,5785,2064,277,408,37390,38075,2018,06,2018-06-01
April,205,63,9,40,32,166,31,1,9,27,36,808,1451,2790,2671,3370,15993,3644,5012,2504,277,342,38243,38862,2018,07,2018-07-01
May,172,35,36,35,46,158,41,0,3,32,66,743,1486,2683,3510,3210,17491,3418,4760,3038,243,381,40339,40963,2018,08,2018-08-01
June,130,115,5,27,55,280,38,6,4,29,105,375,1462,2327,3560,2586,14703,3014,4146,1916,250,544,34089,34883,2018,09,2018-09-01
July,244,43,20,22,33,168,41,4,6,39,92,456,1365,2531,2890,2600,13238,3098,3241,1880,307,405,31299,32011,2018,10,2018-10-01
August,173,102,53,43,28,127,55,6,3,52,67,585,1506,2821,3585,2785,16744,3507,3627,2364,328,381,37524,38233,2018,11,2018-11-01
September,137,102,3,50,32,149,37,2,8,28,138,545,1363,2948,4370,2755,17742,3630,5036,3097,242,444,41486,42172,2018,12,2018-12-01
October,201,74,21,53,40,188,24,7,2,38,148,555,2002,3242,7334,3448,20755,4227,5828,3614,296,500,51005,51801,2019,01,2019-01-01
November,136,82,26,35,29,107,28,7,3,41,68,448,2088,3189,8867,2669,20713,4577,5062,4244,244,318,51857,52419,2019,02,2019-02-01
December,149,60,36,48,19,119,29,5,2,23,79,621,2024,2718,9450,2059,18372,5816,4912,4779,245,324,50751,51320,2019,03,2019-03-01
January,172,100,32,41,26,107,20,8,0,57,40,588,2524,2461,9137,2632,17713,4122,4096,4706,304,299,47979,48582,2019,04,2019-04-01
February,111,101,20,41,27,115,24,0,0,42,58,845,4013,3319,14171,3123,25366,5448,4911,5687,232,307,66883,67422,2019,05,2019-05-01
March,184,94,61,54,43,118,36,5,4,52,109,942,5563,3561,22224,4192,33763,6881,7257,8450,339,421,92833,93593,2019,06,2019-06-01
April,191,132,15,35,33,102,48,7,1,37,73,941,5848,3386,27073,3975,36727,6197,5921,9205,338,336,99273,99947,2019,07,2019-07-01
May,163,105,64,27,18,114,41,3,0,46,104,1557,8563,3482,38637,4115,49821,5882,6875,13924,332,353,132856,133541,2019,08,2019-08-01
June,140,100,78,53,55,95,43,8,4,11,87,628,8085,2885,18882,3819,43207,4684,5517,7195,318,356,94902,95576,2019,09,2019-09-01
July,165,87,27,49,93,79,31,14,19,19,91,799,6686,2214,11594,2686,36854,3458,4129,3558,279,395,71978,72652,2019,10,2019-10-01
August,179,105,106,38,123,80,41,5,8,30,80,922,5297,2327,8078,2421,22355,3321,4080,1883,390,405,50684,51479,2019,11,2019-11-01
September,100,92,76,50,31,98,47,8,9,32,119,791,4576,2354,6696,3239,13489,3436,4902,1024,268,394,40507,41169,2019,12,2019-12-01
